nom_communes, code_wilayas
Adrar,1
Akabli,1
Aoulef,1
Bouda,1
Fenoughil,1
In Zghmir,1
Ouled Ahmed Timmi,1
Reggane,1
Sali,1
Sebaa,1
Tamantit,1
Tamest,1
Timekten,1
Tit,1
Tsabit,1
Zaouiet Kounta,1
Abou El Hassan,2
Ain Merane,2
Benairia,2
Beni Bouattab,2
Beni Haoua,2
Beni Rached,2
Boukadir,2
Bouzeghaia,2
Breira,2
Chettia,2
Chlef,2
Dahra,2
El Hadjadj,2
El Karimia,2
El Marsa,2
Harchoun,2
Herenfa,2
Labiod Medjadja,2
Moussadek,2
Oued Fodda,2
Oued Goussine,2
Oued Sly,2
Ouled Abbes,2
Ouled Ben Abdelkader,2
Ouled Fares,2
Oum Drou,2
Sendjas,2
Sidi Abderrahmane,2
Sidi Akkacha,2
Sobha,2
Tadjena,2
Talassa,2
Taougrite,2
Tenes,2
Zeboudja,2
Aflou,3
Ain Mahdi,3
Ain Sidi Ali,3
Beidha,3
Benacer Benchohra,3
Brida,3
El Assafia,3
El Ghicha,3
El Haouaita,3
Gueltat Sidi Saad,3
Hadj Mechri,3
Hassi Delaa,3
Hassi R'mel,3
Kheneg,3
Ksar El Hirane,3
Laghouat,3
Oued M'zi,3
Oued Morra,3
Sebgag,3
Sidi Bouzid,3
Sidi Makhlouf,3
Tadjemout,3
Tadjrouna,3
Taouiala,3
Ain Babouche,4
Ain Beida,4
Ain Diss,4
Ain Fekroune,4
Ain Kercha,4
Ain M'lila,4
Ain Zitoun,4
Behir Chergui,4
Berriche,4
Bir Chouhada,4
Dhala,4
El Amiria,4
El Belala,4
El Djazia,4
El Fedjoudj Boughrara Sa,4
El Harmilia,4
Fkirina,4
Hanchir Toumghani,4
Ksar Sbahi,4
Meskiana,4
Oued Nini,4
Ouled Gacem,4
Ouled Hamla,4
Ouled Zouai,4
Oum El Bouaghi,4
Rahia,4
Sigus,4
Souk Naamane,4
Zorg,4
Ain Djasser,5
Ain Touta,5
Ain Yagout,5
Arris,5
Azil Abedelkader,5
Barika,5
Batna,5
Beni Foudhala El Hakania,5
Bitam,5
Boulhilat,5
Boumagueur,5
Boumia,5
Bouzina,5
Chemora,5
Chir,5
Djerma,5
Djezzar,5
El Hassi,5
El Madher,5
Fesdis,5
Foum Toub,5
Ghassira,5
Gosbat,5
Guigba,5
Hidoussa,5
Ichmoul,5
Inoughissen,5
Kimmel,5
Ksar Bellezma,5
Larbaa,5
Lazrou,5
Lemsane,5
M Doukal,5
Maafa,5
Menaa,5
Merouana,5
N Gaous,5
Oued Chaaba,5
Oued El Ma,5
Oued Taga,5
Ouled Ammar,5
Ouled Aouf,5
Ouled Fadel,5
Ouled Sellem,5
Ouled Si Slimane,5
Ouyoun El Assafir,5
Rahbat,5
Ras El Aioun,5
Sefiane,5
Seggana,5
Seriana,5
T Kout,5
Talkhamt,5
Taxlent,5
Tazoult,5
Teniet El Abed,5
Tighanimine,5
Tigharghar,5
Tilatou,5
Timgad,5
Zanet El Beida,5
Adekar,6
Ait R'zine,6
Ait Smail,6
Akbou,6
Akfadou,6
Amalou,6
Amizour,6
Aokas,6
Barbacha,6
Bejaia,6
Beni Dejllil,6
Beni K'sila,6
Beni Mallikeche,6
Benimaouche,6
Boudjellil,6
Bouhamza,6
Boukhelifa,6
Chellata,6
Chemini,6
Darghina,6
Dra El Caid,6
El Kseur,6
Fenaia Il Maten,6
Feraoun,6
Ighil Ali,6
Ighram,6
Kendira,6
Kherrata,6
Leflaye,6
M'cisna,6
Melbou,6
Oued Ghir,6
Ouzellaguene,6
Seddouk,6
Sidi Aich,6
Sidi Ayad,6
Smaoun,6
Souk El Tenine,6
Souk Oufella,6
Tala Hamza,6
Tamokra,6
Tamridjet,6
Taourit Ighil,6
Taskriout,6
Tazmalt,6
Tibane,6
Tichy,6
Tifra,6
Timezrit,6
Tinebdar,6
Tizi N'berber,6
Toudja,6
Ain Naga,7
Ain Zaatout,7
Biskra,7
Bordj Ben Azzouz,7
Bouchagroun,7
Branis,7
Chetma,7
Djemorah,7
El Feidh,7
El Ghrous,7
El Hadjab,7
El Haouch,7
El Kantara,7
El Outaya,7
Foughala,7
Khenguet Sidi Nadji,7
Lichana,7
Lioua,7
M'chouneche,7
M'lili,7
Mekhadma,7
Meziraa,7
Oumache,7
Ourlal,7
Sidi Okba,7
Tolga,7
Zeribet El Oued,7
Abadla,8
Bechar,8
Beni Ounif,8
Boukais,8
Erg Ferradj,8
Kenadsa,8
Lahmar,8
Mechraa H.boumediene,8
Meridja,8
Mogheul,8
Taghit,8
Ain Romana,9
Beni Mered,9
Beni Tamou,9
Benkhelil,9
Blida,9
Bouarfa,9
Boufarik,9
Bougara,9
Bouinan,9
Chebli,9
Chiffa,9
Chrea,9
Djebabra,9
El Affroun,9
Guerrouaou,9
Hammam Melouane,9
Larbaa,9
Meftah,9
Mouzaia,9
Oued Djer,9
Oued El Alleug,9
Ouled Slama,9
Ouled Yaich,9
Souhane,9
Souma,9
Aghbalou,10
Ahl El Ksar,10
Ain Bessem,10
Ain El Hadjar,10
Ain Laloui,10
Ain Turk,10
Ait Laaziz,10
Aomar,10
Bechloul,10
Bir Ghbalou,10
Bordj Okhriss,10
Bouderbala,10
Bouira,10
Boukram,10
Chorfa,10
Dechmia,10
Dirah,10
Djebahia,10
El Adjiba,10
El Asnam,10
El Hachimia,10
El Hakimia,10
El Khabouzia,10
El Mokrani,10
Guerrouma,10
Hadjera Zerga,10
Haizer,10
Hanif,10
Kadiria,10
Lakhdaria,10
M Chedallah,10
Maala,10
Mamora,10
Mezdour,10
Oued El Berdi,10
Ouled Rached,10
Raouraoua,10
Ridane,10
Saharidj,10
Souk El Khemis,10
Sour El Ghozlane,10
Taghzout,10
Taguedite,10
Taourirt,10
Z'barbar,10
Abalessa,11
Ain Amguel,11
Idles,11
Tamanrasset,11
Tazrouk,11
Ain Zerga,12
Bedjene,12
Bekkaria,12
Bir Dheheb,12
Bir El Ater,12
Bir Mokkadem,12
Boukhadra,12
Boulhaf Dyr,12
Cheria,12
El Aouinet,12
El Houidjbet,12
El Kouif,12
El Malabiod,12
El Meridj,12
El Mezeraa,12
El Ogla,12
El Ogla El Malha,12
Ferkane,12
Guorriguer,12
Hammamet,12
Morssot,12
Negrine,12
Ouenza,12
Oum Ali,12
Saf Saf El Ouesra,12
Stah Guentis,12
Tebessa,12
Telidjen,12
Ain Fettah,13
Ain Fezza,13
Ain Ghoraba,13
Ain Kebira,13
Ain Nehala,13
Ain Tallout,13
Ain Youcef,13
Amieur,13
Azails,13
Bab El Assa,13
Beni Bahdel,13
Beni Boussaid,13
Beni Khaled,13
Beni Mester,13
Beni Ouarsous,13
Beni Smiel,13
Beni Snous,13
Bensekrane,13
Bouhlou,13
Bouihi,13
Chetouane,13
Dar Yaghmouracene,13
Djebala,13
El Aricha,13
El Fehoul,13
El Gor,13
Fellaoucene,13
Ghazaouet,13
Hammam Boughrara,13
Hennaya,13
Honaine,13
Maghnia,13
Mansourah,13
Marsa Ben M'hidi,13
Msirda Fouaga,13
Nedroma,13
Oued Chouly,13
Ouled Mimoun,13
Ouled Riyah,13
Remchi,13
Sabra,13
Sebbaa Chioukh,13
Sebdou,13
Sidi Abdelli,13
Sidi Djilali,13
Sidi Medjahed,13
Souahlia,13
Souani,13
Souk Tleta,13
Terny Beni Hediel,13
Tianet,13
Tlemcen,13
Zenata,13
Ain Bouchekif,14
Ain Deheb,14
Ain El Hadid,14
Ain Kermes,14
Ain Zarit,14
Bougara,14
Chehaima,14
Dahmouni,14
Djebilet Rosfa,14
Djillali Ben Amar,14
Faidja,14
Frenda,14
Guertoufa,14
Hamadia,14
Ksar Chellala,14
Madna,14
Mahdia,14
Mechraa Safa,14
Medrissa,14
Medroussa,14
Meghila,14
Mellakou,14
Nadorah,14
Naima,14
Oued Lilli,14
Rahouia,14
Rechaiga,14
Sebaine,14
Sebt,14
Serghine,14
Si Abdelghani,14
Sidi Abderrahmane,14
Sidi Ali Mellal,14
Sidi Bakhti,14
Sidi Hosni,14
Sougueur,14
Tagdemt,14
Takhemaret,14
Tiaret,14
Tidda,14
Tousnina,14
Zmalet El Emir Abdelkade,14
Abi Youcef,15
Aghribs,15
Agouni Gueghrane,15
Ain El Hammam,15
Ain Zaouia,15
Ait Aggouacha,15
Ait Bouaddou,15
Ait Boumehdi,15
Ait Chafaa,15
Ait Khellili,15
Ait Mahmoud,15
Ait Oumalou,15
Ait Toudert,15
Ait Yahia,15
Ait Yahia Moussa,15
Akbil,15
Akerrou,15
Assi Youcef,15
Azazga,15
Azeffoun,15
Beni Aissi,15
Beni Douala,15
Beni Yenni,15
Beni Zikki,15
Beni Zmenzer,15
Boghni,15
Boudjima,15
Bounouh,15
Bouzeguene,15
Djebel Aissa Mimoun,15
Draa Ben Khedda,15
Draa El Mizan,15
Freha,15
Frikat,15
Iboudrarene,15
Idjeur,15
Iferhounene,15
Ifigha,15
Iflissen,15
Illilten,15
Illoula Oumalou,15
Imsouhal,15
Irdjen,15
Larba Nath Irathen,15
Larbaa Nath Irathen,15
M'kira,15
Maatkas,15
Makouda,15
Mechtras,15
Mekla,15
Mizrana,15
Ouacif,15
Ouadhias,15
Ouaguenoune,15
Sidi Naamane,15
Souamaa,15
Souk El Thenine,15
Tadmait,15
Tigzirt,15
Timizart,15
Tirmitine,15
Tizi Ghenif,15
Tizi N'tleta,15
Tizi Ouzou,15
Tizi Rached,15
Yakourene,15
Yatafene,15
Zekri,15
Ain Benian,16
Ain Taya,16
Alger Centre,16
Bab El Oued,16
Bab Ezzouar,16
Baba Hesen,16
Bachedjerah,16
Bains Romains,16
Baraki,16
Ben Aknoun,16
Beni Messous,16
Bir Mourad Rais,16
Bir Touta,16
Birkhadem,16
Bologhine Ibnou Ziri,16
Bordj El Bahri,16
Bordj El Kiffan,16
Bourouba,16
Bouzareah,16
Casbah,16
Cheraga,16
Dar El Beida,16
Dely Ibrahim,16
Djasr Kasentina,16
Douira,16
Draria,16
El Achour,16
El Biar,16
El Harrach,16
El Madania,16
El Magharia,16
El Merssa,16
El Mouradia,16
Herraoua,16
Hussein Dey,16
Hydra,16
Kheraisia,16
Kouba,16
Les Eucalyptus,16
Maalma,16
Mohamed Belouzdad,16
Mohammadia,16
Oued Koriche,16
Oued Smar,16
Ouled Chebel,16
Ouled Fayet,16
Rahmania,16
Rais Hamidou,16
Reghaia,16
Rouiba,16
Sehaoula,16
Setaouali,16
Sidi M'hamed,16
Sidi Moussa,16
Souidania,16
Tessala El Merdja,16
Zeralda,16
Ain Chouhada,17
Ain El Ibel,17
Ain Fekka,17
Ain Maabed,17
Ain Oussera,17
Amourah,17
Benhar,17
Benyagoub,17
Birine,17
Bouira Lahdab,17
Charef,17
Dar Chioukh,17
Deldoul,17
Djelfa,17
Douis,17
El Guedid,17
El Idrissia,17
El Khemis,17
Faidh El Botma,17
Guernini,17
Guettara,17
Had Sahary,17
Hassi Bahbah,17
Hassi El Euch,17
Hassi Fedoul,17
M Liliha,17
Messaad,17
Moudjebara,17
Oum Laadham,17
Sed Rahal,17
Selmana,17
Sidi Baizid,17
Sidi Ladjel,17
Tadmit,17
Zaafrane,17
Zaccar,17
Bordj Tahar,18
Boudria Beniyadjis,18
Bouraoui Belhadef,18
Boussif Ouled Askeur,18
Chahna,18
Chekfa,18
Djemaa Beni Habibi,18
Djimla,18
El Ancer,18
El Aouana,18
El Kennar Nouchfi,18
El Milia,18
Emir Abdelkader,18
Erraguene,18
Ghebala,18
Jijel,18
Khiri Oued Adjoul,18
Kouas,18
Oudjana,18
Ouled Rabah,18
Ouled Yahia Khadrouch,18
Selma Benziada,18
Settara,18
Sidi Abdelaziz,18
Sidi Marouf,18
Taher,18
Texena,18
Ziama Mansouria,18
Ain Abessa,19
Ain Arnat,19
Ain Azel,19
Ain El Kebira,19
Ain Lahdjar,19
Ain Legradj,19
Ain Oulmane,19
Ain Roua,19
Ain Sebt,19
Ait Naoual Mezada,19
Ait Tizi,19
Amoucha,19
Babor,19
Bazer Sakra,19
Beidha Bordj,19
Bellaa,19
Beni Aziz,19
Beni Chebana,19
Beni Fouda,19
Beni Mouhli,19
Beni Ouartilane,19
Beni Oussine,19
Bir El Arch,19
Bir Haddada,19
Bouandas,19
Bougaa,19
Bousselam,19
Boutaleb,19
Dehamcha,19
Djemila,19
Draa Kebila,19
El Eulma,19
El Ouldja,19
El Ouricia,19
Guellal,19
Guelta Zerka,19
Guenzet,19
Guidjel,19
Hamam Soukhna,19
Hamma,19
Hammam Guergour,19
Harbil,19
Ksar El Abtal,19
Maaouia,19
Maouaklane,19
Mezloug,19
Oued El Barad,19
Ouled Addouane,19
Ouled Sabor,19
Ouled Si Ahmed,19
Ouled Tebben,19
Rosfa,19
Salah Bey,19
Serdj El Ghoul,19
Setif,19
Tachouda,19
Tala Ifacene,19
Taya,19
Tella,19
Tizi N'bechar,19
Ain El Hadjar,20
Ain Sekhouna,20
Ain Soltane,20
Doui Thabet,20
El Hassasna,20
Hounet,20
Maamora,20
Moulay Larbi,20
Ouled Brahim,20
Ouled Khaled,20
Saida,20
Sidi Ahmed,20
Sidi Amar,20
Sidi Boubekeur,20
Tircine,20
Youb,20
Ain Bouziane,21
Ain Charchar,21
Ain Kechera,21
Ain Zouit,21
Azzaba,21
Bekkouche Lakhdar,21
Ben Azzouz,21
Beni Bechir,21
Beni Oulbane,21
Beni Zid,21
Bin El Ouiden,21
Bouchetata,21
Cheraia,21
Collo,21
Djendel Saadi Mohamed,21
El Arrouch,21
El Ghedir,21
El Hadaiek,21
El Marsa,21
Emjez Edchich,21
Es Sebt,21
Filfila,21
Hamadi Krouma,21
Kanoua,21
Kerkera,21
Khenag Mayoum,21
Oued Zhour,21
Ouldja Boulbalout,21
Ouled Attia,21
Ouled Habbeba,21
Oum Toub,21
Ramdane Djamel,21
Salah Bouchaour,21
Sidi Mezghiche,21
Skikda,21
Tamalous,21
Zerdezas,21
Zitouna,21
Ain Adden,22
Ain El Berd,22
Ain Kada,22
Ain Thrid,22
Ain Tindamine,22
Amarnas,22
Badredine El Mokrani,22
Belarbi,22
Ben Badis,22
Benachiba Chelia,22
Bir El Hammam,22
Boudjebaa El Bordj,22
Boukhanafis,22
Chetouane Belaila,22
Dhaya,22
El Hacaiba,22
Hassi Dahou,22
Hassi Zahana,22
Lamtar,22
M'cid,22
Makedra,22
Marhoum,22
Merine,22
Mezaourou,22
Mostefa Ben Brahim,22
Moulay Slissen,22
Oued Sebaa,22
Oued Sefioun,22
Oued Taourira,22
Ras El Ma,22
Redjem Demouche,22
Sehala Thaoura,22
Sfissef,22
Sidi Ali Benyoub,22
Sidi Ali Boussidi,22
Sidi Bel Abbes,22
Sidi Brahim,22
Sidi Chaib,22
Sidi Dahou Zairs,22
Sidi Hamadouche,22
Sidi Khaled,22
Sidi Lahcene,22
Sidi Yacoub,22
Tabia,22
Tafissour,22
Taoudmout,22
Teghalimet,22
Telagh,22
Tenira,22
Tessala,22
Tilmouni,22
Zerouala,22
Ain Berda,23
Annaba,23
Berrahel,23
Chetaibi,23
Cheurfa,23
El Bouni,23
El Hadjar,23
Eulma,23
Oued El Aneb,23
Seraidi,23
Sidi Amar,23
Treat,23
Ain Ben Beida,24
Ain Hessania,24
Ain Larbi,24
Ain Makhlouf,24
Ain Reggada,24
Belkheir,24
Ben Djarah,24
Beni Mezline,24
Bordj Sabat,24
Bou Hachana,24
Bou Hamdane,24
Bouati Mahmoud,24
Bouchegouf,24
Bouhamra Ahmed,24
Dahouara,24
Djeballah Khemissi,24
El Fedjoudj,24
Guelaat Bou Sbaa,24
Guelma,24
Hamam Debagh,24
Hammam N'bail,24
Heliopolis,24
Khezara,24
Medjez Amar,24
Medjez Sfa,24
Nechmaya,24
Oued Cheham,24
Oued Fragha,24
Oued Zenati,24
Ras El Agba,24
Roknia,24
Sellaoua Announa,24
Sidi Sandel,24
Tamlouka,24
Ain Abid,25
Ain Smara,25
Ben Badis,25
Beni Hamidene,25
Constantine,25
Didouche Mourad,25
El Khroub,25
Hamma Bouziane,25
Ibn Ziad,25
Messaoud Boujeriou,25
Ouled Rahmouni,25
Zighoud Youcef,25
Ain Boucif,26
Ain Ouksir,26
Aissaouia,26
Aziz,26
Baata,26
Ben Chicao,26
Beni Slimane,26
Berrouaghia,26
Bir Ben Laabed,26
Boghar,26
Bouaiche,26
Bouaichoune,26
Bouchrahil,26
Boughzoul,26
Bouskene,26
Chabounia,26
Chelalet El Adhaoura,26
Cheniguel,26
Damiat,26
Derrag,26
Deux Bassins,26
Djouab,26
Draa Essamar,26
El Azizia,26
El Guelbelkebir,26
El Hamdania,26
El Omaria,26
El Ouinet,26
Hannacha,26
Kef Lakhdar,26
Khams Djouamaa,26
Ksar El Boukhari,26
Maghraoua,26
Medea,26
Medjebar,26
Meftaha,26
Mezerana,26
Mihoub,26
Ouamri,26
Oued Harbil,26
Ouled Antar,26
Ouled Bouachra,26
Ouled Brahim,26
Ouled Deid,26
Ouled Hellal,26
Ouled Maaref,26
Oum El Djellil,26
Ouzera,26
Rebaia,26
Saneg,26
Sedraya,26
Seghouane,26
Si Mahdjoub,26
Sidi Demed,26
Sidi Naamane,26
Sidi Rabie,26
Sidi Zahar,26
Sidi Ziane,26
Souagui,26
Tablat,26
Tafraout,26
Tamesguida,26
Tletat Ed Douair,26
Zoubiria,26
Achaacha,27
Ain Boudinar,27
Ain Nouissy,27
Ain Sidi Cherif,27
Ain Tedles,27
Benabdelmalek Ramdane,27
Bouguirat,27
Fornaka,27
Hadjadj,27
Hassi Mameche,27
Hassiane,27
Khadra,27
Kheir Eddine,27
Mansourah,27
Mazagran,27
Mesra,27
Mostaganem,27
Nekmaria,27
Oued El Kheir,27
Ouled Boughalem,27
Ouled Maalah,27
Safsaf,27
Sayada,27
Sidi Ali,27
Sidi Belaattar,27
Sidi Lakhdar,27
Sirat,27
Souaflia,27
Sour,27
Stidia,27
Tazgait,27
Touahria,27
Ain El Hadjel,28
Ain El Melh,28
Ain Fares,28
Ain Khadra,28
Ain Rich,28
Belaiba,28
Ben Srour,28
Beni Ilmane,28
Benzouh,28
Berhoum,28
Bir Foda,28
Bou Saada,28
Bouti Sayeh,28
Chellal,28
Dehahna,28
Djebel Messaad,28
El Hamel,28
El Houamed,28
Hammam Dalaa,28
Khettouti Sed El Jir,28
Khoubana,28
M'cif,28
M'sila,28
M'tarfa,28
Maadid,28
Maarif,28
Magra,28
Medjedel,28
Menaa,28
Mohamed Boudiaf,28
Ouanougha,28
Ouled Addi Guebala,28
Ouled Derradj,28
Ouled Madhi,28
Ouled Mansour,28
Ouled Sidi Brahim,28
Ouled Slimane,28
Oulteme,28
Sidi Aissa,28
Sidi Ameur,28
Sidi Hadjeres,28
Sidi M'hamed,28
Slim,28
Souamaa,28
Tamsa,28
Tarmount,28
Zarzour,28
Ain Fares,29
Ain Fekan,29
Ain Ferah,29
Ain Frass,29
Alaimia,29
Aouf,29
Benian,29
Bou Henni,29
Bouhanifia,29
Chorfa,29
El Bordj,29
El Gaada,29
El Ghomri,29
El Gueitena,29
El Hachem,29
El Keurt,29
El Mamounia,29
El Menaouer,29
Ferraguig,29
Froha,29
Gharrous,29
Ghriss,29
Guerdjoum,29
Hacine,29
Khalouia,29
Makhda,29
Maoussa,29
Mascara,29
Matemore,29
Mocta Douz,29
Mohammadia,29
Nesmot,29
Oggaz,29
Oued El Abtal,29
Oued Taria,29
Ras El Ain Amirouche,29
Sedjerara,29
Sehailia,29
Sidi Abdeldjebar,29
Sidi Abdelmoumene,29
Sidi Boussaid,29
Sidi Kada,29
Sig,29
Tighennif,29
Tizi,29
Zahana,29
Zelamta,29
Ain Beida,30
El Borma,30
Hassi Ben Abdellah,30
Hassi Messaoud,30
N'goussa,30
Ouargla,30
Rouissat,30
Sidi Khouiled,30
Ain Biya,31
Ain Kerma,31
Ain Turk,31
Arzew,31
Ben Freha,31
Bethioua,31
Bir El Djir,31
Boufatis,31
Bousfer,31
Boutlelis,31
El Ancar,31
El Braya,31
El Kerma,31
Es Senia,31
Gdyel,31
Hassi Ben Okba,31
Hassi Bounif,31
Hassi Mefsoukh,31
Marsat El Hadjadj,31
Mers El Kebir,31
Messerghin,31
Oran,31
Oued Tlelat,31
Sidi Ben Yebka,31
Sidi Chami,31
Tafraoui,31
Ain El Orak,32
Arbaouat,32
Boualem,32
Bougtoub,32
Boussemghoun,32
Brezina,32
Cheguig,32
Chellala,32
El Bayadh,32
El Biodh Sidi Cheikh,32
El Bnoud,32
El Kheither,32
El Mehara,32
Ghassoul,32
Kef El Ahmar,32
Krakda,32
Rogassa,32
Sidi Ameur,32
Sidi Slimane,32
Sidi Tifour,32
Stitten,32
Tousmouline,32
Bordj Omar Driss,33
Debdeb,33
Illizi,33
In Amenas,33
Ain Taghrout,34
Ain Tesra,34
Belimour,34
Ben Daoud,34
Bir Kasdali,34
Bordj Bou Arreridj,34
Bordj Ghdir,34
Bordj Zemora,34
Colla,34
Djaafra,34
El Ach,34
El Achir,34
El Anseur,34
El Hamadia,34
El M'hir,34
El Main,34
Ghilassa,34
Haraza,34
Hasnaoua,34
Khelil,34
Ksour,34
Mansoura,34
Medjana,34
Ouled Brahem,34
Ouled Dahmane,34
Ouled Sidi Brahim,34
Rabta,34
Ras El Oued,34
Sidi Embarek,34
Tafreg,34
Taglait,34
Teniet En Nasr,34
Tesmart,34
Tixter,34
Afir,35
Ammal,35
Baghlia,35
Ben Choud,35
Beni Amrane,35
Bordj Menaiel,35
Boudouaou,35
Boudouaou El Bahri,35
Boumerdes,35
Bouzegza Keddara,35
Chabet El Ameur,35
Corso,35
Dellys,35
Djinet,35
El Kharrouba,35
Hammedi,35
Isser,35
Khemis El Khechna,35
Larbatache,35
Leghata,35
Naciria,35
Ouled Aissa,35
Ouled Hedadj,35
Ouled Moussa,35
Si Mustapha,35
Sidi Daoud,35
Souk El Haad,35
Taourga,35
Thenia,35
Tidjelabine,35
Timezrit,35
Zemmouri,35
Ain El Assel,36
Ain Kerma,36
Asfour,36
Ben M Hidi,36
Berrihane,36
Besbes,36
Bougous,36
Bouhadjar,36
Bouteldja,36
Chebaita Mokhtar,36
Chefia,36
Chihani,36
Drean,36
Echatt,36
El Aioun,36
El Kala,36
El Tarf,36
Hammam Beni Salah,36
Lac Des Oiseaux,36
Oued Zitoun,36
Raml Souk,36
Souarekh,36
Zerizer,36
Zitouna,36
Oum El Assel,37
Tindouf,37
Ammari,38
Beni Chaib,38
Beni Lahcene,38
Bordj Bounaama,38
Bordj El Emir Abdelkader,38
Bou Caid,38
Khemisti,38
Larbaa,38
Lardjem,38
Layoune,38
Lazharia,38
Maacem,38
Melaab,38
Ouled Bessem,38
Sidi Abed,38
Sidi Boutouchent,38
Sidi Lantri,38
Sidi Slimane,38
Tamellalet,38
Theniet El Had,38
Tissemsilt,38
Youssoufia,38
Bayadha,39
Ben Guecha,39
Debila,39
Douar El Maa,39
El Ogla,39
El Oued,39
Guemar,39
Hamraia,39
Hassani Abdelkrim,39
Hassi Khalifa,39
Kouinine,39
Magrane,39
Mih Ouansa,39
Nakhla,39
Oued El Alenda,39
Ourmes,39
Reguiba,39
Robbah,39
Sidi Aoun,39
Taghzout,39
Taleb Larbi,39
Trifaoui,39
Ain Touila,40
Babar,40
Baghai,40
Bouhmama,40
Chelia,40
Cherchar,40
Djellal,40
El Hamma,40
El Mahmal,40
El Oueldja,40
Ensigha,40
Kais,40
Khenchela,40
Khirane,40
M'sara,40
M'toussa,40
Ouled Rechache,40
Remila,40
Tamza,40
Taouzianat,40
Yabous,40
Ain Soltane,41
Ain Zana,41
Bir Bouhouche,41
Drea,41
Haddada,41
Hanencha,41
Khedara,41
Khemissa,41
M'daourouche,41
Machroha,41
Merahna,41
Oued Kebrit,41
Ouled Driss,41
Ouled Moumen,41
Oum El Adhaim,41
Quillen,41
Ragouba,41
Safel El Ouiden,41
Sedrata,41
Sidi Fredj,41
Souk Ahras,41
Taoura,41
Terraguelt,41
Tiffech,41
Zaarouria,41
Zouabi,41
Aghbal,42
Ahmer El Ain,42
Ain Tagourait,42
Attatba,42
Beni Mileuk,42
Bou Haroun,42
Bou Ismail,42
Bourkika,42
Chaiba,42
Cherchell,42
Damous,42
Douaouda,42
Fouka,42
Gouraya,42
Hadjout,42
Hadjret Ennous,42
Khemisti,42
Kolea,42
Larhat,42
Menaceur,42
Merad,42
Messelmoun,42
Nador,42
Sidi Amar,42
Sidi Ghiles,42
Sidi Rached,42
Sidi Semiane,42
Tipaza,42
Ahmed Rachedi,43
Ain Beida Harriche,43
Ain Mellouk,43
Ain Tine,43
Amira Arres,43
Benyahia Abderrahmane,43
Bouhatem,43
Chelghoum Laid,43
Chigara,43
Derrahi Bousselah,43
El Mechira,43
Elayadi Barbes,43
Ferdjioua,43
Grarem Gouga,43
Hamala,43
Mila,43
Minar Zarza,43
Oued Athmenia,43
Oued Endja,43
Oued Seguen,43
Ouled Khalouf,43
Rouached,43
Sidi Khelifa,43
Sidi Merouane,43
Tadjenanet,43
Tassadane Haddada,43
Teleghma,43
Terrai Bainem,43
Tessala,43
Tiberguent,43
Yahia Beniguecha,43
Zeghaia,43
Ain Benian,44
Ain Bouyahia,44
Ain Defla,44
Ain Lechiakh,44
Ain Soltane,44
Ain Tork,44
Arib,44
Barbouche,44
Bathia,44
Belaas,44
Ben Allal,44
Bir Ould Khelifa,44
Bordj Emir Khaled,44
Boumedfaa,44
Bourached,44
Djelida,44
Djemaa Ouled Cheikh,44
Djendel,44
El Abadia,44
El Amra,44
El Attaf,44
El Maine,44
Hammam Righa,44
Hassania,44
Hoceinia,44
Khemis Miliana,44
Mekhatria,44
Miliana,44
Oued Chorfa,44
Oued Djemaa,44
Rouina,44
Sidi Lakhdar,44
Tacheta Zegagha,44
Tarik Ibn Ziad,44
Tiberkanine,44
Zeddine,44
Ain Ben Khelil,45
Ain Safra,45
Assela,45
Djeniane Bourzeg,45
El Biod,45
Kasdir,45
Makman Ben Amer,45
Mecheria,45
Moghrar,45
Naama,45
Sfissifa,45
Tiout,45
Aghlal,46
Ain El Arbaa,46
Ain Kihal,46
Ain Temouchent,46
Ain Tolba,46
Aoubellil,46
Beni Saf,46
Bouzedjar,46
Chaabat El Ham,46
Chentouf,46
El Amria,46
El Malah,46
El Messaid,46
Emir Abdelkader,46
Hammam Bouhadjar,46
Hassasna,46
Hassi El Ghella,46
Oued Berkeche,46
Oued Sebbah,46
Ouled Boudjemaa,46
Ouled Kihal,46
Oulhaca El Gheraba,46
Sidi Ben Adda,46
Sidi Boumediene,46
Sidi Ouriache,46
Sidi Safi,46
Tamzoura,46
Terga,46
Berriane,47
Bounoura,47
Dhayet Bendhahoua,47
El Atteuf,47
El Guerrara,47
Ghardaia,47
Mansoura,47
Metlili,47
Sebseb,47
Zelfana,47
Ain Rahma,48
Ain Tarek,48
Ammi Moussa,48
Belaassel Bouzagza,48
Bendaoud,48
Beni Dergoun,48
Beni Zentis,48
Dar Ben Abdelah,48
Djidiouia,48
El Guettar,48
El H'madna,48
El Hassi,48
El Matmar,48
El Ouldja,48
Had Echkalla,48
Hamri,48
Kalaa,48
Lahlef,48
Mazouna,48
Mediouna,48
Mendes,48
Merdja Sidi Abed,48
Ouarizane,48
Oued El Djemaa,48
Oued Essalem,48
Oued Rhiou,48
Ouled Aiche,48
Ouled Sidi Mihoub,48
Ramka,48
Relizane,48
Sidi Khettab,48
Sidi Lazreg,48
Sidi M'hamed Benali,48
Sidi M'hamed Benaouda,48
Sidi Saada,48
Souk El Had,48
Yellel,48
Zemmoura,48
Aougrout,49
Charouine,49
Deldoul,49
Ksar Kaddour,49
Metarfa,49
Ouled Aissa,49
Ouled Said,49
Talmine,49
Timimoun,49
Tinerkouk,49
Bordj Badji Mokhtar,50
Timiaouine,50
Besbes,51
Chaiba,51
Doucen,51
Ouled Djellal,51
Ras El Miad,51
Sidi Khaled,51
Beni Abbes,52
Beni Ikhlef,52
El Ouata,52
Igli,52
Kerzaz,52
Ksabi,52
Ouled Khoudir,52
Tabelbala,52
Tamtert,52
Timoudi,52
Foggaret Azzaouia,53
In Ghar,53
In Salah,53
In Guezzam,54
Tin Zouatine,54
Benaceur,55
Blidet Amor,55
El Alia,55
El Hadjira,55
Megarine,55
Mnaguer,55
Nezla,55
Sidi Slimane,55
Taibet,55
Tebesbest,55
Temacine,55
Touggourt,55
Zaouia El Abidia,55
Bordj El Haouasse,56
Djanet,56
Djamaa,57
El M'ghair,57
Mrara,57
Oum Touyour,57
Sidi Amrane,57
Sidi Khelil,57
Still,57
Tenedla,57
El Meniaa,58
Hassi Fehal,58
Hassi Gara,58